{
  "markers": [
    {
      "name": "thành phố XX",
      "value": 10,
      "position": [116.300467, 39.907761]
    },
    {
      "name": "thành phố XX",
      "value": 15,
      "position": [116.400567, 39.908761]
    },
    {
      "name": "thành phố XX",
      "value": 20,
      "position": [116.200467, 39.937761]
    }
  ]
}
